,Date,Open,High,Low,Close,Adj Close,compound,neg,neu,pos
1800,2014-01-29,35.98,36.88,35.9,36.66,36.66,0.0,0.0,1.0,0.0
1801,2014-01-30,36.79,36.88,36.23,36.86,36.86,0.4404,0.051,0.826,0.124
1802,2014-01-31,36.95,37.89,36.56,37.84,37.84,0.0,0.0,0.0,0.0
1803,2014-02-03,37.74,37.99,36.43,36.48,36.48,-0.1531,0.08,0.869,0.051
1804,2014-02-04,36.97,37.19,36.25,36.35,36.35,0.0772,0.065,0.861,0.074
1805,2014-02-05,36.29,36.47,35.8,35.82,35.82,0.0,0.0,0.0,0.0
1806,2014-02-06,35.8,36.25,35.69,36.18,36.18,-0.4201,0.05,0.95,0.0
1807,2014-02-07,36.32,36.59,36.01,36.56,36.56,0.8201,0.0,0.759,0.241
1808,2014-02-10,36.63,36.8,36.29,36.8,36.8,0.0,0.0,0.0,0.0
1809,2014-02-11,36.88,37.26,36.86,37.17,37.17,0.7964,0.0,0.712,0.288
1810,2014-02-12,37.35,37.6,37.3,37.47,37.47,0.0,0.0,0.0,0.0
1811,2014-02-13,37.33,37.86,37.33,37.61,37.61,0.0,0.0,0.0,0.0
1812,2014-02-14,37.39,37.78,37.33,37.62,37.62,-0.2732,0.056,0.89,0.055
1813,2014-02-18,37.63,37.78,37.41,37.42,37.42,0.1674,0.059,0.865,0.076
1814,2014-02-19,37.22,37.75,37.21,37.51,37.51,0.0,0.0,0.0,0.0
1815,2014-02-20,37.57,37.87,37.4,37.75,37.75,0.1531,0.092,0.839,0.069
1816,2014-02-21,37.94,38.35,37.86,37.98,37.98,0.0,0.0,1.0,0.0
1817,2014-02-24,37.69,37.98,37.54,37.69,37.69,0.0772,0.035,0.926,0.039
1818,2014-02-25,37.61,37.85,37.35,37.54,37.54,0.0,0.0,0.0,0.0
1819,2014-02-26,37.58,37.74,37.19,37.47,37.47,0.0,0.0,0.0,0.0
1820,2014-02-27,37.45,37.89,37.23,37.86,37.86,0.0258,0.048,0.902,0.051
1821,2014-02-28,37.98,38.46,37.82,38.31,38.31,0.0,0.0,0.0,0.0
1822,2014-03-03,37.92,38.13,37.49,37.78,37.78,0.0,0.0,0.0,0.0
1823,2014-03-04,38.2,38.48,38.07,38.41,38.41,0.0,0.0,1.0,0.0
1824,2014-03-05,38.25,38.27,37.93,38.11,38.11,0.0,0.0,0.0,0.0
1825,2014-03-06,38.14,38.24,37.89,38.15,38.15,0.0,0.0,0.0,0.0
1826,2014-03-07,38.28,38.36,37.69,37.9,37.9,-0.2263,0.044,0.935,0.021
1827,2014-03-10,37.99,38.01,37.72,37.82,37.82,0.7964,0.0,0.812,0.188
1828,2014-03-11,37.87,38.23,37.72,38.02,38.02,-0.2732,0.125,0.82,0.056
1829,2014-03-12,37.8,38.43,37.79,38.27,38.27,0.0,0.0,0.0,0.0
1830,2014-03-13,38.42,38.45,37.64,37.89,37.89,-0.296,0.066,0.872,0.062
1831,2014-03-14,37.65,38.14,37.51,37.7,37.7,0.0,0.0,0.0,0.0
1832,2014-03-17,37.9,38.41,37.79,38.05,38.05,0.0,0.0,0.0,0.0
1833,2014-03-18,38.26,39.9,38.22,39.55,39.55,0.891,0.0,0.884,0.116
1834,2014-03-19,39.47,39.55,38.91,39.27,39.27,0.0,0.0,0.0,0.0
1835,2014-03-20,39.25,40.65,39.24,40.33,40.33,0.6908,0.0,0.839,0.161
1836,2014-03-21,40.72,40.94,40.01,40.16,40.16,0.0,0.0,0.0,0.0
1837,2014-03-24,40.34,40.64,39.86,40.5,40.5,0.0,0.0,0.0,0.0
1838,2014-03-25,40.66,40.99,39.96,40.34,40.34,0.0,0.0,1.0,0.0
1839,2014-03-26,40.48,40.71,39.6,39.79,39.79,0.8131,0.052,0.631,0.317
1840,2014-03-27,39.74,39.97,39.34,39.36,39.36,0.0,0.0,0.0,0.0
1841,2014-03-28,39.79,40.64,39.68,40.3,40.3,0.0559,0.071,0.853,0.076
1842,2014-03-31,40.43,41.5,40.4,40.99,40.99,0.3818,0.042,0.833,0.125
1843,2014-04-01,41.15,41.59,41.07,41.42,41.42,0.1027,0.075,0.839,0.087
1844,2014-04-02,41.44,41.66,41.17,41.35,41.35,0.0,0.0,0.0,0.0
1845,2014-04-03,41.29,41.29,40.71,41.01,41.01,0.2023,0.088,0.79,0.121
1846,2014-04-04,41.25,41.39,39.64,39.87,39.87,-0.128,0.035,0.965,0.0
1847,2014-04-07,39.96,40.27,39.74,39.8,39.8,0.0,0.0,0.0,0.0
1848,2014-04-08,39.75,39.93,39.2,39.82,39.82,0.0,0.0,0.0,0.0
1849,2014-04-09,39.93,40.55,39.88,40.47,40.47,0.0,0.0,0.0,0.0
1850,2014-04-10,40.44,40.69,39.09,39.36,39.36,-0.0516,0.049,0.907,0.044
1851,2014-04-11,39.0,39.79,39.0,39.21,39.21,-0.0772,0.04,0.96,0.0
1852,2014-04-14,39.11,39.41,38.9,39.18,39.18,0.8442,0.0,0.755,0.245
1853,2014-04-15,39.34,39.96,39.05,39.75,39.75,0.0,0.0,0.0,0.0
1854,2014-04-16,40.06,40.42,39.91,40.4,40.4,-0.7845,0.152,0.818,0.03
1855,2014-04-17,40.01,40.2,39.51,40.01,40.01,0.9351,0.012,0.85,0.139
1856,2014-04-21,40.13,40.15,39.79,39.94,39.94,0.0,0.0,0.0,0.0
1857,2014-04-22,39.96,40.14,39.83,39.99,39.99,0.872,0.033,0.788,0.18
1858,2014-04-23,39.99,39.99,39.47,39.69,39.69,0.0,0.0,0.0,0.0
1859,2014-04-24,39.74,39.97,39.3,39.86,39.86,0.0,0.0,0.0,0.0
1860,2014-04-25,40.29,40.68,39.75,39.91,39.91,0.8603,0.0,0.926,0.074
1861,2014-04-28,40.14,41.29,40.09,40.87,40.87,-0.1027,0.042,0.922,0.036
1862,2014-04-29,41.1,41.19,40.39,40.51,40.51,0.9209,0.07,0.738,0.192
1863,2014-04-30,40.4,40.5,40.17,40.4,40.4,0.0,0.0,0.0,0.0
1864,2014-05-01,40.24,40.36,39.95,40.0,40.0,0.4215,0.045,0.819,0.136
1865,2014-05-02,40.31,40.34,39.66,39.69,39.69,0.962,0.038,0.759,0.202
1866,2014-05-05,39.52,39.64,39.3,39.43,39.43,0.0,0.0,0.0,0.0
1867,2014-05-06,39.29,39.35,38.95,39.06,39.06,0.0,0.0,0.0,0.0
1868,2014-05-07,39.22,39.51,38.51,39.42,39.42,0.8126,0.023,0.844,0.132
1869,2014-05-08,39.34,39.9,38.97,39.64,39.64,0.7003,0.0,0.938,0.062
1870,2014-05-09,39.54,39.85,39.37,39.54,39.54,0.0,0.0,0.0,0.0
1871,2014-05-12,39.74,40.02,39.65,39.97,39.97,0.802,0.062,0.776,0.163
1872,2014-05-13,39.92,40.5,39.85,40.42,40.42,0.0,0.0,0.0,0.0
1873,2014-05-14,40.3,40.45,40.05,40.24,40.24,0.0,0.0,0.0,0.0
1874,2014-05-15,40.09,40.4,39.51,39.6,39.6,0.4588,0.0,0.812,0.188
1875,2014-05-16,39.67,39.84,39.27,39.83,39.83,-0.7351,0.131,0.869,0.0
1876,2014-05-19,39.61,39.82,39.46,39.75,39.75,0.0,0.0,0.0,0.0
1877,2014-05-20,39.68,39.94,39.46,39.68,39.68,0.4767,0.035,0.879,0.086
1878,2014-05-21,39.8,40.35,39.74,40.35,40.35,-0.3612,0.056,0.918,0.026
1879,2014-05-22,40.29,40.35,39.85,40.1,40.1,0.0,0.0,0.0,0.0
1880,2014-05-23,40.37,40.37,40.0,40.12,40.12,-0.25,0.05,0.908,0.043
1881,2014-05-27,40.26,40.26,39.81,40.19,40.19,0.6486,0.0,0.951,0.049
1882,2014-05-28,40.14,40.19,39.82,40.01,40.01,-0.2075,0.066,0.885,0.049
1883,2014-05-29,40.15,40.35,39.91,40.34,40.34,0.0,0.0,0.0,0.0
1884,2014-05-30,40.45,40.97,40.25,40.94,40.94,0.7865,0.0,0.907,0.093
1885,2014-06-02,40.95,41.09,40.68,40.79,40.79,-0.4215,0.22,0.636,0.144
1886,2014-06-03,40.6,40.68,40.25,40.29,40.29,0.0,0.0,0.0,0.0
1887,2014-06-04,40.21,40.37,39.86,40.32,40.32,0.0,0.0,0.0,0.0
1888,2014-06-05,40.59,41.25,40.4,41.21,41.21,-0.1027,0.127,0.767,0.106
1889,2014-06-06,41.48,41.66,41.24,41.48,41.48,0.0,0.0,0.0,0.0
1890,2014-06-09,41.39,41.48,41.02,41.27,41.27,0.0,0.0,0.0,0.0
1891,2014-06-10,41.03,41.16,40.86,41.11,41.11,0.0,0.0,0.0,0.0
1892,2014-06-11,40.93,41.07,40.77,40.86,40.86,0.0,0.0,0.0,0.0
1893,2014-06-12,40.81,40.88,40.29,40.58,40.58,0.802,0.0,0.819,0.181
1894,2014-06-13,41.1,41.57,40.86,41.23,41.23,0.0,0.0,0.0,0.0
1895,2014-06-16,41.04,41.61,41.04,41.5,41.5,0.0,0.0,0.0,0.0
1896,2014-06-17,41.29,41.91,40.34,41.68,41.68,0.0,0.0,0.0,0.0
1897,2014-06-18,41.61,41.74,41.18,41.65,41.65,0.0,0.0,0.0,0.0
1898,2014-06-19,41.57,41.77,41.33,41.51,41.51,0.8316,0.0,0.754,0.246
1899,2014-06-20,41.45,41.83,41.38,41.68,41.68,0.0,0.0,0.0,0.0
1900,2014-06-23,41.73,42.0,41.69,41.99,41.99,-0.3818,0.082,0.881,0.037
1901,2014-06-24,41.83,41.94,41.56,41.75,41.75,0.296,0.076,0.787,0.138
1902,2014-06-25,41.7,42.05,41.46,42.03,42.03,0.0,0.0,0.0,0.0
1903,2014-06-26,41.93,41.94,41.43,41.72,41.72,0.0,0.0,0.0,0.0
1904,2014-06-27,41.61,42.29,41.51,42.25,42.25,0.0,0.0,0.0,0.0
1905,2014-06-30,42.17,42.21,41.7,41.7,41.7,0.0,0.0,0.0,0.0
1906,2014-07-01,41.86,42.15,41.69,41.87,41.87,0.0,0.0,0.0,0.0
1907,2014-07-02,41.73,41.9,41.53,41.9,41.9,0.0,0.0,0.0,0.0
1908,2014-07-03,41.91,41.99,41.56,41.8,41.8,-0.1491,0.128,0.759,0.114
1909,2014-07-07,41.75,42.12,41.71,41.99,41.99,0.0,0.0,0.0,0.0
1910,2014-07-08,41.87,42.0,41.61,41.78,41.78,0.0,0.0,0.0,0.0
1911,2014-07-09,41.98,41.99,41.53,41.67,41.67,0.5267,0.058,0.836,0.107
1912,2014-07-10,41.37,42.0,41.05,41.69,41.69,0.0,0.0,0.0,0.0
1913,2014-07-11,41.7,42.09,41.48,42.09,42.09,0.0,0.0,1.0,0.0
1914,2014-07-14,42.22,42.45,42.04,42.14,42.14,0.0,0.0,0.0,0.0
1915,2014-07-15,42.33,42.47,42.03,42.45,42.45,0.0,0.0,0.0,0.0
1916,2014-07-16,42.51,44.31,42.48,44.08,44.08,0.5041,0.044,0.846,0.11
1917,2014-07-17,45.45,45.71,44.25,44.53,44.53,0.0,0.0,0.0,0.0
1918,2014-07-18,44.65,44.84,44.25,44.69,44.69,0.5719,0.0,0.93,0.07
1919,2014-07-21,44.56,45.16,44.22,44.84,44.84,0.2023,0.0,0.962,0.038
1920,2014-07-22,45.0,45.15,44.59,44.83,44.83,0.0,0.0,0.0,0.0
1921,2014-07-23,45.45,45.45,44.62,44.87,44.87,0.8294,0.0,0.903,0.097
1922,2014-07-24,44.93,45.0,44.32,44.4,44.4,-0.4939,0.076,0.891,0.033
1923,2014-07-25,44.3,44.66,44.3,44.5,44.5,0.0,0.0,0.0,0.0
1924,2014-07-28,44.36,44.51,43.93,43.97,43.97,0.0,0.0,1.0,0.0
1925,2014-07-29,43.91,44.09,43.64,43.89,43.89,0.0,0.0,1.0,0.0
1926,2014-07-30,44.07,44.1,43.29,43.58,43.58,0.0,0.0,0.0,0.0
1927,2014-07-31,43.38,43.69,43.08,43.16,43.16,0.1603,0.0,0.966,0.034
1928,2014-08-01,43.21,43.25,42.6,42.86,42.86,0.2846,0.045,0.866,0.089
1929,2014-08-04,42.97,43.47,42.81,43.37,43.37,0.8442,0.033,0.822,0.145
1930,2014-08-05,43.31,43.46,42.83,43.08,43.08,0.0,0.0,0.0,0.0
1931,2014-08-06,42.74,43.17,42.21,42.74,42.74,0.8658,0.0,0.789,0.211
1932,2014-08-07,42.84,43.45,42.65,43.23,43.23,-0.4872,0.157,0.8,0.042
1933,2014-08-08,43.23,43.32,42.91,43.2,43.2,0.0,0.0,0.0,0.0
1934,2014-08-11,43.26,43.45,43.02,43.2,43.2,-0.3079,0.11,0.782,0.108
1935,2014-08-12,43.04,43.59,43.0,43.52,43.52,0.0,0.0,0.0,0.0
1936,2014-08-13,43.68,44.18,43.52,44.08,44.08,0.0,0.0,0.0,0.0
1937,2014-08-14,44.08,44.42,44.01,44.27,44.27,0.9387,0.06,0.792,0.148
1938,2014-08-15,44.58,44.9,44.4,44.79,44.79,0.5106,0.0,0.929,0.071
1939,2014-08-18,44.94,45.11,44.68,45.11,45.11,0.3612,0.0,0.783,0.217
1940,2014-08-19,44.97,45.34,44.83,45.33,45.33,0.0,0.0,0.0,0.0
1941,2014-08-20,45.34,45.4,44.9,44.95,44.95,0.0,0.0,1.0,0.0
1942,2014-08-21,44.84,45.25,44.83,45.22,45.22,0.0,0.0,0.0,0.0
1943,2014-08-22,45.35,45.47,45.07,45.15,45.15,0.0,0.0,1.0,0.0
1944,2014-08-25,45.4,45.44,45.04,45.17,45.17,0.0,0.0,1.0,0.0
1945,2014-08-26,45.31,45.4,44.94,45.01,45.01,0.0,0.0,0.0,0.0
1946,2014-08-27,44.9,45.0,44.76,44.87,44.87,-0.5106,0.16,0.737,0.103
1947,2014-08-28,44.75,44.98,44.61,44.88,44.88,0.0,0.0,0.0,0.0
1948,2014-08-29,45.09,45.44,44.86,45.43,45.43,0.0,0.0,0.0,0.0
1949,2014-09-02,45.43,45.46,44.85,45.09,45.09,-0.5994,0.133,0.867,0.0
1950,2014-09-03,44.53,45.11,44.53,44.96,44.96,0.0,0.0,0.0,0.0
1951,2014-09-04,44.74,45.27,44.72,45.26,45.26,0.0,0.0,0.0,0.0
1952,2014-09-05,45.11,45.93,45.11,45.91,45.91,-0.2263,0.086,0.857,0.057
1953,2014-09-08,46.02,46.8,45.99,46.47,46.47,0.0,0.0,0.0,0.0
1954,2014-09-09,46.47,46.97,46.42,46.76,46.76,-0.4588,0.11,0.816,0.074
1955,2014-09-10,46.82,46.94,46.28,46.84,46.84,0.296,0.034,0.902,0.063
1956,2014-09-11,46.74,47.0,46.47,47.0,47.0,0.0772,0.0,0.958,0.042
1957,2014-09-12,46.91,47.02,46.6,46.7,46.7,0.0,0.0,0.0,0.0
1958,2014-09-15,46.54,46.71,46.1,46.24,46.24,0.0,0.0,0.0,0.0
1959,2014-09-16,46.39,46.85,46.29,46.76,46.76,-0.5994,0.139,0.831,0.03
1960,2014-09-17,46.26,46.69,46.23,46.52,46.52,-0.3612,0.165,0.717,0.118
1961,2014-09-18,46.59,46.83,46.46,46.68,46.68,0.0,0.0,0.0,0.0
1962,2014-09-19,46.81,47.57,46.6,47.52,47.52,0.0,0.0,0.0,0.0
1963,2014-09-22,47.3,47.38,46.98,47.06,47.06,0.3612,0.0,0.948,0.052
1964,2014-09-23,46.85,46.98,46.47,46.56,46.56,0.0,0.0,0.0,0.0
1965,2014-09-24,46.63,47.11,46.34,47.08,47.08,0.0,0.0,0.0,0.0
1966,2014-09-25,46.88,47.09,46.03,46.04,46.04,0.0,0.0,1.0,0.0
1967,2014-09-26,45.93,46.62,45.76,46.41,46.41,0.0,0.0,0.0,0.0
1968,2014-09-29,45.98,46.56,45.76,46.44,46.44,0.2263,0.0,0.969,0.031
1969,2014-09-30,46.37,46.48,46.01,46.36,46.36,-0.2382,0.048,0.952,0.0
1970,2014-10-01,46.27,46.53,45.85,45.9,45.9,0.0,0.0,0.0,0.0
1971,2014-10-02,45.83,46.1,45.64,45.76,45.76,0.8126,0.0,0.802,0.198
1972,2014-10-03,45.98,46.3,45.61,46.09,46.09,0.0,0.0,1.0,0.0
1973,2014-10-06,46.12,46.3,45.92,46.09,46.09,0.7506,0.0,0.868,0.132
1974,2014-10-07,45.86,45.93,45.42,45.53,45.53,0.0,0.0,0.0,0.0
1975,2014-10-08,45.48,46.89,45.34,46.78,46.78,0.0,0.0,0.0,0.0
1976,2014-10-09,46.5,46.8,45.74,45.85,45.85,0.8553,0.0,0.844,0.156
1977,2014-10-10,45.6,46.12,43.95,44.03,44.03,0.6808,0.0,0.932,0.068
1978,2014-10-13,43.82,44.56,43.49,43.65,43.65,0.0,0.0,0.0,0.0
1979,2014-10-14,43.87,44.38,43.56,43.73,43.73,0.0,0.0,0.0,0.0
1980,2014-10-15,43.0,43.39,42.1,43.22,43.22,0.0,0.0,0.0,0.0
1981,2014-10-16,42.53,43.08,42.22,42.74,42.74,0.8402,0.0,0.865,0.135
1982,2014-10-17,43.2,43.94,42.79,43.63,43.63,0.6369,0.0,0.828,0.172
1983,2014-10-20,43.06,44.14,42.81,44.08,44.08,-0.8689,0.121,0.864,0.014
1984,2014-10-21,44.36,44.98,44.19,44.88,44.88,0.0,0.0,0.0,0.0
1985,2014-10-22,45.0,45.07,44.23,44.38,44.38,0.8047,0.071,0.751,0.178
1986,2014-10-23,44.62,45.45,44.53,45.02,45.02,0.7579,0.023,0.856,0.121
1987,2014-10-24,46.83,46.9,45.18,46.13,46.13,0.0,0.0,0.0,0.0
1988,2014-10-27,45.71,46.1,45.71,45.91,45.91,0.0,0.0,0.0,0.0
1989,2014-10-28,45.86,46.5,45.77,46.49,46.49,0.0,0.0,0.0,0.0
1990,2014-10-29,46.44,46.7,46.34,46.62,46.62,0.0,0.0,0.0,0.0
1991,2014-10-30,46.32,46.32,45.77,46.05,46.05,0.9087,0.0,0.868,0.132
1992,2014-10-31,46.94,46.97,46.48,46.95,46.95,0.516,0.085,0.789,0.126
1993,2014-11-03,46.89,47.46,46.73,47.44,47.44,0.0,0.0,0.0,0.0
1994,2014-11-04,47.3,47.73,47.25,47.57,47.57,0.0,0.0,0.0,0.0
1995,2014-11-05,47.8,47.9,47.26,47.86,47.86,0.0,0.0,0.0,0.0
1996,2014-11-06,47.86,48.86,47.79,48.7,48.7,0.9001,0.0,0.812,0.188
1997,2014-11-07,48.92,48.92,48.29,48.68,48.68,-0.4215,0.153,0.732,0.115
1998,2014-11-10,48.65,49.15,48.55,48.89,48.89,0.0,0.0,0.0,0.0
1999,2014-11-11,48.85,48.95,48.65,48.87,48.87,0.0,0.0,0.0,0.0
2000,2014-11-12,48.56,48.92,48.52,48.78,48.78,0.0,0.0,0.0,0.0
2001,2014-11-13,48.81,49.65,48.71,49.61,49.61,0.296,0.025,0.927,0.047
2002,2014-11-14,49.74,50.05,49.39,49.58,49.58,0.0,0.0,0.0,0.0
2003,2014-11-17,49.41,49.71,49.14,49.46,49.46,0.9729,0.0,0.651,0.349
2004,2014-11-18,49.13,49.33,48.7,48.74,48.74,0.0,0.0,0.0,0.0
2005,2014-11-19,48.66,48.75,47.93,48.22,48.22,0.0,0.0,0.0,0.0
2006,2014-11-20,48.0,48.7,47.87,48.7,48.7,0.0,0.0,0.0,0.0
2007,2014-11-21,49.02,49.05,47.57,47.98,47.98,0.1779,0.0,0.841,0.159
2008,2014-11-24,47.99,48.0,47.39,47.59,47.59,0.0,0.0,1.0,0.0
2009,2014-11-25,47.66,47.97,47.45,47.47,47.47,0.0,0.0,0.0,0.0
2010,2014-11-26,47.49,47.99,47.28,47.75,47.75,-0.9595,0.442,0.558,0.0
2011,2014-11-28,47.95,48.2,47.61,47.81,47.81,-0.7783,0.139,0.833,0.028
2012,2014-12-01,47.88,48.78,47.71,48.62,48.62,0.4404,0.0,0.912,0.088
2013,2014-12-02,48.84,49.05,48.2,48.46,48.46,0.0,0.0,0.0,0.0
2014,2014-12-03,48.44,48.5,47.81,48.08,48.08,0.0,0.0,0.0,0.0
2015,2014-12-04,48.39,49.06,48.2,48.84,48.84,0.4497,0.081,0.838,0.08
2016,2014-12-05,48.82,48.97,48.38,48.42,48.42,0.0387,0.104,0.805,0.091
2017,2014-12-08,48.26,48.35,47.45,47.7,47.7,0.0,0.0,0.0,0.0
2018,2014-12-09,47.11,47.92,47.05,47.59,47.59,0.0,0.0,0.0,0.0
2019,2014-12-10,47.58,47.66,46.7,46.9,46.9,0.0,0.0,0.0,0.0
2020,2014-12-11,47.08,47.74,46.68,47.17,47.17,0.8519,0.0,0.87,0.13
2021,2014-12-12,46.78,47.73,46.67,46.95,46.95,0.0,0.0,1.0,0.0
2022,2014-12-15,47.2,47.67,46.55,46.67,46.67,-0.765,0.208,0.792,0.0
2023,2014-12-16,45.9,46.34,45.13,45.16,45.16,0.0,0.0,0.0,0.0
2024,2014-12-17,45.05,45.95,44.9,45.74,45.74,0.0,0.0,0.0,0.0
2025,2014-12-18,46.58,47.52,46.34,47.52,47.52,0.0,0.0,0.0,0.0
2026,2014-12-19,47.63,48.1,47.17,47.66,47.66,0.0,0.0,0.0,0.0
2027,2014-12-22,47.78,48.12,47.71,47.98,47.98,0.0,0.0,0.0,0.0
2028,2014-12-23,48.37,48.8,48.13,48.45,48.45,0.0,0.0,0.0,0.0
2029,2014-12-24,48.64,48.64,48.08,48.14,48.14,0.0,0.0,0.0,0.0
2030,2014-12-26,48.41,48.41,47.82,47.88,47.88,0.5106,0.0,0.938,0.062
2031,2014-12-29,47.7,47.78,47.26,47.45,47.45,0.0,0.0,0.0,0.0
2032,2014-12-30,47.44,47.62,46.84,47.02,47.02,0.3818,0.0,0.933,0.067
2033,2014-12-31,46.73,47.44,46.45,46.45,46.45,0.0,0.0,0.0,0.0
2034,2015-01-02,46.66,47.42,46.54,46.76,46.76,0.0,0.0,0.0,0.0
2035,2015-01-05,46.37,46.73,46.25,46.33,46.33,0.7269,0.0,0.816,0.184
2036,2015-01-06,46.38,46.75,45.54,45.65,45.65,0.0,0.0,0.0,0.0
2037,2015-01-07,45.98,46.46,45.49,46.23,46.23,0.0,0.0,0.0,0.0
2038,2015-01-08,46.75,47.75,46.72,47.59,47.59,0.0,0.0,0.0,0.0
2039,2015-01-09,47.61,47.82,46.9,47.19,47.19,0.0,0.0,0.0,0.0
2040,2015-01-12,47.42,47.54,46.36,46.6,46.6,0.0,0.0,0.0,0.0
2041,2015-01-13,46.97,47.91,46.06,46.36,46.36,0.0,0.0,0.0,0.0
2042,2015-01-14,45.96,46.24,45.62,45.96,45.96,0.0,0.0,0.0,0.0
2043,2015-01-15,46.22,46.38,45.41,45.48,45.48,0.0,0.0,0.0,0.0
2044,2015-01-16,45.31,46.28,45.17,46.24,46.24,-0.8225,0.252,0.686,0.062
2045,2015-01-20,46.3,46.65,45.57,46.39,46.39,0.0,0.0,0.0,0.0
2046,2015-01-21,45.94,46.14,45.48,45.92,45.92,0.0,0.0,0.0,0.0
2047,2015-01-22,46.38,47.14,46.08,47.13,47.13,0.3818,0.054,0.861,0.085
2048,2015-01-23,47.36,47.39,46.8,47.18,47.18,0.0,0.0,0.0,0.0
2049,2015-01-26,47.0,47.13,46.24,47.01,47.01,0.1027,0.036,0.918,0.046
2050,2015-01-27,42.95,43.2,42.11,42.66,42.66,-0.9001,0.161,0.77,0.069
2051,2015-01-28,42.74,42.79,41.16,41.19,41.19,0.0,0.0,0.0,0.0
2052,2015-01-29,40.93,42.12,40.79,42.01,42.01,0.3612,0.0,0.961,0.039
2053,2015-01-30,41.55,41.58,40.35,40.4,40.4,0.886,0.018,0.86,0.122
2054,2015-02-02,40.59,41.37,40.23,41.28,41.28,0.0,0.0,0.0,0.0
2055,2015-02-03,41.63,41.93,41.05,41.6,41.6,0.0,0.0,1.0,0.0
2056,2015-02-04,41.94,42.21,41.36,41.84,41.84,0.128,0.091,0.811,0.098
2057,2015-02-05,42.22,42.64,41.86,42.45,42.45,0.0,0.0,0.0,0.0
2058,2015-02-06,42.68,42.79,42.15,42.41,42.41,0.7269,0.157,0.551,0.291
2059,2015-02-09,42.24,42.74,42.21,42.36,42.36,0.0,0.0,0.0,0.0
2060,2015-02-10,42.74,42.77,42.18,42.6,42.6,0.1901,0.0,0.95,0.05
2061,2015-02-11,42.65,42.65,42.21,42.38,42.38,0.0,0.0,0.0,0.0
2062,2015-02-12,42.66,43.09,42.51,43.09,43.09,-0.9366,0.179,0.755,0.066
2063,2015-02-13,43.38,43.87,43.15,43.87,43.87,0.0,0.0,0.0,0.0
2064,2015-02-17,43.97,44.0,43.19,43.58,43.58,0.0,0.0,0.0,0.0
2065,2015-02-18,43.63,43.7,43.39,43.53,43.53,0.0,0.0,0.0,0.0
2066,2015-02-19,43.18,43.53,43.05,43.5,43.5,0.0,0.0,0.0,0.0
2067,2015-02-20,43.51,43.88,43.29,43.86,43.86,0.0,0.0,1.0,0.0
2068,2015-02-23,43.7,44.19,43.65,44.15,44.15,0.0,0.0,1.0,0.0
2069,2015-02-24,44.15,44.3,43.92,44.09,44.09,0.7684,0.0,0.802,0.198
2070,2015-02-25,43.95,44.09,43.8,43.99,43.99,0.0,0.0,0.0,0.0
2071,2015-02-26,43.99,44.23,43.89,44.06,44.06,0.6124,0.043,0.836,0.121
2072,2015-02-27,44.13,44.2,43.66,43.85,43.85,0.0,0.0,0.0,0.0
2073,2015-03-02,43.67,44.19,43.55,43.88,43.88,0.0,0.0,0.0,0.0
2074,2015-03-03,43.56,43.83,43.09,43.28,43.28,0.0,0.0,0.0,0.0
2075,2015-03-04,43.01,43.21,42.88,43.06,43.06,0.0,0.0,0.0,0.0
2076,2015-03-05,43.07,43.24,42.82,43.11,43.11,-0.6705,0.083,0.866,0.051
2077,2015-03-06,43.0,43.11,42.15,42.36,42.36,0.0,0.0,0.0,0.0
2078,2015-03-09,42.19,43.13,42.19,42.85,42.85,0.0,0.0,0.0,0.0
2079,2015-03-10,42.35,42.71,42.03,42.03,42.03,0.0,0.0,0.0,0.0
2080,2015-03-11,42.31,42.37,41.84,41.98,41.98,0.3919,0.123,0.691,0.186
2081,2015-03-12,41.33,41.65,40.86,41.02,41.02,0.0,0.0,0.0,0.0
2082,2015-03-13,40.7,41.47,40.61,41.38,41.38,-0.1531,0.096,0.836,0.068
2083,2015-03-16,41.47,41.64,41.28,41.56,41.56,0.0,0.0,0.0,0.0
2084,2015-03-17,41.37,41.83,41.15,41.7,41.7,0.0,0.0,0.0,0.0
2085,2015-03-18,41.43,42.83,41.33,42.5,42.5,-0.4767,0.112,0.792,0.097
2086,2015-03-19,42.26,42.59,42.22,42.29,42.29,0.0,0.0,0.0,0.0
2087,2015-03-20,42.56,42.98,42.49,42.88,42.88,0.3847,0.0,0.892,0.108
2088,2015-03-23,42.88,43.13,42.78,42.86,42.86,0.0,0.0,0.0,0.0
2089,2015-03-24,42.78,43.17,42.75,42.9,42.9,0.2732,0.0,0.94,0.06
2090,2015-03-25,42.92,42.93,41.44,41.46,41.46,0.0,0.0,0.0,0.0
2091,2015-03-26,41.22,41.61,40.92,41.21,41.21,0.6486,0.0,0.944,0.056
2092,2015-03-27,41.12,41.43,40.83,40.97,40.97,0.25,0.0,0.935,0.065
2093,2015-03-30,41.1,41.54,40.91,40.96,40.96,0.0,0.0,0.0,0.0
2094,2015-03-31,40.78,41.03,40.54,40.66,40.66,0.0,0.0,0.0,0.0
2095,2015-04-01,40.6,40.76,40.31,40.72,40.72,0.7923,0.01,0.907,0.083
2096,2015-04-02,40.66,40.74,40.12,40.29,40.29,0.7124,0.014,0.894,0.092
2097,2015-04-06,40.34,41.78,40.18,41.55,41.55,0.0,0.0,0.0,0.0
2098,2015-04-07,41.61,41.91,41.31,41.53,41.53,0.0,0.0,0.0,0.0
2099,2015-04-08,41.46,41.69,41.04,41.42,41.42,0.0,0.0,0.0,0.0
2100,2015-04-09,41.25,41.62,41.25,41.48,41.48,0.9571,0.018,0.802,0.18
2101,2015-04-10,41.63,41.95,41.41,41.72,41.72,-0.7096,0.105,0.895,0.0
2102,2015-04-13,41.4,42.06,41.39,41.76,41.76,0.0,0.0,0.0,0.0
2103,2015-04-14,41.8,42.03,41.39,41.65,41.65,0.2023,0.07,0.811,0.119
2104,2015-04-15,41.76,42.46,41.68,42.26,42.26,0.0,0.0,0.0,0.0
2105,2015-04-16,41.95,42.34,41.82,42.16,42.16,-0.6896,0.106,0.868,0.026
2106,2015-04-17,41.67,41.74,41.16,41.62,41.62,0.4939,0.0,0.926,0.074
2107,2015-04-20,41.73,43.17,41.68,42.91,42.91,0.0,0.0,0.0,0.0
2108,2015-04-21,43.0,43.15,42.53,42.64,42.64,0.0,0.0,0.0,0.0
2109,2015-04-22,42.67,43.13,42.55,42.99,42.99,0.6908,0.027,0.882,0.091
2110,2015-04-23,42.89,43.61,42.8,43.34,43.34,0.0,0.0,0.0,0.0
2111,2015-04-24,45.66,48.14,45.65,47.87,47.87,-0.8321,0.119,0.786,0.095
2112,2015-04-27,47.23,48.13,47.22,48.03,48.03,0.0,0.0,0.0,0.0
2113,2015-04-28,47.78,49.21,47.7,49.16,49.16,0.0,0.0,0.0,0.0
2114,2015-04-29,48.72,49.31,48.5,49.06,49.06,-0.4939,0.122,0.878,0.0
2115,2015-04-30,48.7,49.54,48.6,48.64,48.64,0.4215,0.062,0.847,0.091
2116,2015-05-01,48.58,48.88,48.4,48.66,48.66,0.0,0.0,0.0,0.0
2117,2015-05-04,48.37,48.87,48.18,48.24,48.24,0.0,0.0,0.0,0.0
2118,2015-05-05,47.82,48.16,47.31,47.6,47.6,0.0,0.0,1.0,0.0
2119,2015-05-06,47.57,47.77,46.02,46.28,46.28,-0.7269,0.3,0.648,0.053
2120,2015-05-07,46.27,47.09,46.16,46.7,46.7,0.0,0.0,0.0,0.0
2121,2015-05-08,47.55,47.98,47.52,47.75,47.75,0.5106,0.029,0.894,0.077
2122,2015-05-11,47.55,47.91,47.37,47.37,47.37,0.0,0.0,1.0,0.0
2123,2015-05-12,46.85,47.68,46.42,47.35,47.35,0.0,0.0,0.0,0.0
2124,2015-05-13,48.19,48.32,47.57,47.63,47.63,0.0,0.0,0.0,0.0
2125,2015-05-14,48.03,48.82,48.03,48.72,48.72,-0.25,0.104,0.823,0.073
2126,2015-05-15,48.87,48.91,48.05,48.3,48.3,0.0,0.0,0.0,0.0
2127,2015-05-18,47.98,48.22,47.61,48.01,48.01,0.0,0.0,0.0,0.0
2128,2015-05-19,47.56,47.81,47.18,47.58,47.58,0.0,0.0,0.0,0.0
2129,2015-05-20,47.39,47.93,47.27,47.58,47.58,-0.2551,0.169,0.671,0.16
2130,2015-05-21,47.28,47.6,47.01,47.42,47.42,0.0,0.0,0.0,0.0
2131,2015-05-22,47.3,47.35,46.82,46.9,46.9,0.0,0.0,0.0,0.0
2132,2015-05-26,46.83,46.88,46.19,46.59,46.59,0.5574,0.062,0.789,0.148
2133,2015-05-27,46.82,47.77,46.62,47.61,47.61,0.0,0.0,0.0,0.0
2134,2015-05-28,47.5,48.02,47.39,47.45,47.45,0.7543,0.04,0.828,0.132
2135,2015-05-29,47.43,47.57,46.59,46.86,46.86,0.0,0.0,0.0,0.0
2136,2015-06-01,47.06,47.77,46.62,47.23,47.23,0.0,0.0,0.0,0.0
2137,2015-06-02,46.93,47.35,46.62,46.92,46.92,0.0,0.0,0.0,0.0
2138,2015-06-03,47.37,47.74,46.82,46.85,46.85,0.5267,0.0,0.882,0.118
2139,2015-06-04,46.79,47.16,46.2,46.36,46.36,0.0,0.0,0.0,0.0
2140,2015-06-05,46.31,46.52,45.84,46.14,46.14,0.5267,0.0,0.898,0.102
2141,2015-06-08,46.3,46.43,45.67,45.73,45.73,0.6597,0.086,0.735,0.179
2142,2015-06-09,45.76,45.94,45.46,45.65,45.65,0.0,0.0,0.0,0.0
2143,2015-06-10,45.79,46.83,45.69,46.61,46.61,0.0,0.0,1.0,0.0
2144,2015-06-11,46.66,46.92,46.13,46.44,46.44,0.8625,0.044,0.807,0.149
2145,2015-06-12,46.22,46.47,45.9,45.97,45.97,0.4767,0.0,0.926,0.074
2146,2015-06-15,45.45,45.65,45.02,45.48,45.48,0.0,0.0,0.0,0.0
2147,2015-06-16,45.35,46.24,45.3,45.83,45.83,0.0,0.0,0.0,0.0
2148,2015-06-17,45.73,46.07,45.36,45.97,45.97,0.4215,0.0,0.928,0.072
2149,2015-06-18,46.22,46.8,46.17,46.72,46.72,-0.0516,0.022,0.978,0.0
2150,2015-06-19,46.79,46.83,45.99,46.1,46.1,0.0,0.0,0.0,0.0
2151,2015-06-22,46.33,46.72,46.16,46.23,46.23,0.9274,0.0,0.809,0.191
2152,2015-06-23,46.13,46.28,45.62,45.91,45.91,0.7964,0.0,0.782,0.218
2153,2015-06-24,45.67,46.25,45.55,45.64,45.64,0.0,0.0,0.0,0.0
2154,2015-06-25,46.03,46.06,45.5,45.65,45.65,0.4767,0.0,0.923,0.077
2155,2015-06-26,45.65,46.28,45.03,45.26,45.26,0.0,0.0,0.0,0.0
2156,2015-06-29,45.04,45.23,44.36,44.37,44.37,0.0,0.0,0.0,0.0
2157,2015-06-30,44.71,44.72,43.94,44.15,44.15,0.0,0.0,1.0,0.0
2158,2015-07-01,44.46,45.23,44.1,44.45,44.45,0.0,0.0,0.0,0.0
2159,2015-07-02,44.48,44.75,44.06,44.4,44.4,0.885,0.041,0.839,0.12
2160,2015-07-06,43.96,44.48,43.95,44.39,44.39,0.0,0.0,0.0,0.0
2161,2015-07-07,44.34,44.49,43.32,44.3,44.3,0.0,0.0,0.0,0.0
2162,2015-07-08,44.44,44.9,44.03,44.24,44.24,-0.8442,0.096,0.904,0.0
2163,2015-07-09,44.75,45.22,44.5,44.52,44.52,0.0,0.0,0.0,0.0
2164,2015-07-10,45.01,45.14,44.57,44.61,44.61,0.0,0.0,0.0,0.0
2165,2015-07-13,44.98,45.62,44.95,45.54,45.54,0.6908,0.026,0.88,0.094
2166,2015-07-14,45.45,45.96,45.31,45.62,45.62,0.7845,0.037,0.866,0.097
2167,2015-07-15,45.68,45.89,45.43,45.76,45.76,0.2263,0.0,0.917,0.083
2168,2015-07-16,46.01,46.69,45.97,46.66,46.66,0.0,0.0,0.0,0.0
2169,2015-07-17,46.55,46.78,46.26,46.62,46.62,0.6808,0.0,0.828,0.172
2170,2015-07-20,46.65,47.13,46.44,46.92,46.92,0.6369,0.044,0.806,0.149
2171,2015-07-21,46.78,47.33,46.48,47.28,47.28,0.0,0.0,0.0,0.0
2172,2015-07-22,45.44,46.93,45.2,45.54,45.54,0.4404,0.085,0.806,0.109
2173,2015-07-23,45.27,46.23,45.1,46.11,46.11,-0.7506,0.141,0.859,0.0
2174,2015-07-24,45.91,46.32,45.8,45.94,45.94,0.8402,0.0,0.714,0.286
2175,2015-07-27,45.94,46.01,45.25,45.35,45.35,0.0,0.0,0.0,0.0
2176,2015-07-28,45.58,45.64,44.79,45.34,45.34,0.0,0.0,0.0,0.0
2177,2015-07-29,45.4,46.78,45.26,46.29,46.29,0.0,0.0,1.0,0.0
2178,2015-07-30,46.26,47.4,45.93,46.88,46.88,0.0,0.0,0.0,0.0
2179,2015-07-31,47.29,47.37,46.5,46.7,46.7,0.5856,0.03,0.887,0.083
2180,2015-08-03,46.98,47.0,46.45,46.81,46.81,0.926,0.0,0.68,0.32
2181,2015-08-04,46.75,47.71,46.68,47.54,47.54,0.6249,0.0,0.925,0.075
2182,2015-08-05,47.98,48.41,47.54,47.58,47.58,0.0,0.0,0.0,0.0
2183,2015-08-06,47.71,47.77,46.33,46.62,46.62,0.7645,0.0,0.875,0.125
2184,2015-08-07,46.39,46.78,46.26,46.74,46.74,0.5023,0.0,0.931,0.069
2185,2015-08-10,46.95,47.49,46.84,47.33,47.33,0.0,0.0,0.0,0.0
2186,2015-08-11,46.82,46.94,45.9,46.41,46.41,0.8271,0.0,0.835,0.165
2187,2015-08-12,46.19,46.9,45.71,46.74,46.74,0.6737,0.114,0.648,0.238
2188,2015-08-13,47.06,47.1,46.49,46.73,46.73,0.0,0.0,0.0,0.0
2189,2015-08-14,46.53,47.1,46.52,47.0,47.0,0.25,0.062,0.862,0.076
2190,2015-08-17,46.81,47.45,46.57,47.32,47.32,0.0,0.0,0.0,0.0
2191,2015-08-18,46.84,47.43,46.7,47.27,47.27,0.0,0.0,0.0,0.0
2192,2015-08-19,46.78,47.08,46.3,46.61,46.61,0.6705,0.0,0.745,0.255
2193,2015-08-20,46.07,46.47,45.66,45.66,45.66,0.1779,0.067,0.842,0.091
2194,2015-08-21,45.3,45.48,43.07,43.07,43.07,0.0,0.0,0.0,0.0
2195,2015-08-24,40.45,42.69,39.72,41.68,41.68,0.0,0.0,1.0,0.0
2196,2015-08-25,42.57,43.24,40.39,40.47,40.47,0.7845,0.0,0.76,0.24
2197,2015-08-26,42.01,42.84,41.06,42.71,42.71,0.0,0.0,0.0,0.0
2198,2015-08-27,43.23,43.95,42.93,43.9,43.9,0.0,0.0,0.0,0.0
2199,2015-08-28,43.4,44.15,43.39,43.93,43.93,-0.0772,0.085,0.835,0.08
2200,2015-08-31,43.56,43.93,43.1,43.52,43.52,-0.0772,0.038,0.962,0.0
2201,2015-09-01,42.17,42.59,41.66,41.82,41.82,0.0,0.0,0.0,0.0
2202,2015-09-02,42.36,43.38,41.88,43.36,43.36,-0.6249,0.136,0.831,0.033
2203,2015-09-03,43.41,43.98,43.28,43.5,43.5,0.0,0.0,0.0,0.0
2204,2015-09-04,42.81,43.04,42.2,42.61,42.61,0.0,0.0,1.0,0.0
2205,2015-09-08,43.3,44.0,43.2,43.89,43.89,0.0,0.0,0.0,0.0
2206,2015-09-09,44.21,44.4,42.91,43.07,43.07,0.8807,0.026,0.778,0.195
2207,2015-09-10,43.12,43.79,42.75,43.29,43.29,0.9209,0.015,0.863,0.122
2208,2015-09-11,43.14,43.59,42.94,43.48,43.48,0.0,0.0,0.0,0.0
2209,2015-09-14,43.43,43.44,42.86,43.04,43.04,0.0,0.0,0.0,0.0
2210,2015-09-15,43.19,44.29,43.08,43.98,43.98,0.0,0.0,1.0,0.0
2211,2015-09-16,43.97,44.38,43.84,44.3,44.3,0.0,0.0,0.0,0.0
2212,2015-09-17,44.29,45.0,44.08,44.25,44.25,0.3182,0.0,0.962,0.038
2213,2015-09-18,43.5,43.99,43.33,43.48,43.48,0.4215,0.0,0.936,0.064
2214,2015-09-21,43.62,44.47,43.6,44.11,44.11,0.0,0.0,0.0,0.0
2215,2015-09-22,43.38,44.05,43.31,43.9,43.9,-0.5106,0.158,0.842,0.0
2216,2015-09-23,43.93,44.17,43.51,43.87,43.87,0.631,0.0,0.911,0.089
2217,2015-09-24,43.45,44.13,43.27,43.91,43.91,0.0258,0.072,0.866,0.062
2218,2015-09-25,44.48,44.73,43.76,43.94,43.94,0.2382,0.053,0.862,0.085
2219,2015-09-28,43.83,44.09,43.21,43.29,43.29,0.0,0.0,0.0,0.0
2220,2015-09-29,43.37,43.57,43.05,43.44,43.44,0.1154,0.024,0.946,0.03
2221,2015-09-30,43.88,44.3,43.66,44.26,44.26,-0.34,0.157,0.743,0.101
2222,2015-10-01,44.75,44.75,43.75,44.61,44.61,0.0,0.0,0.0,0.0
2223,2015-10-02,44.27,45.57,43.92,45.57,45.57,-0.128,0.112,0.764,0.124
2224,2015-10-05,45.75,46.89,45.7,46.63,46.63,0.8658,0.017,0.847,0.136
2225,2015-10-06,46.33,47.18,46.22,46.75,46.75,0.0,0.0,0.0,0.0
2226,2015-10-07,47.1,47.35,45.95,46.8,46.8,0.5868,0.0,0.849,0.151
2227,2015-10-08,46.56,47.52,46.5,47.45,47.45,0.0,0.0,0.0,0.0
2228,2015-10-09,47.45,47.54,46.92,47.11,47.11,0.0,0.0,0.0,0.0
2229,2015-10-12,46.98,47.07,46.5,47.0,47.0,0.0,0.0,0.0,0.0
2230,2015-10-13,46.56,47.13,46.56,46.89,46.89,0.0,0.0,0.0,0.0
2231,2015-10-14,46.65,47.1,46.53,46.68,46.68,0.2299,0.104,0.783,0.113
2232,2015-10-15,47.01,47.03,46.53,47.01,47.01,-0.25,0.093,0.843,0.064
2233,2015-10-16,47.02,47.54,46.9,47.51,47.51,0.0,0.0,0.0,0.0
2234,2015-10-19,47.42,47.88,47.02,47.62,47.62,0.296,0.094,0.787,0.119
2235,2015-10-20,47.44,47.81,47.02,47.77,47.77,0.0,0.0,0.0,0.0
2236,2015-10-21,47.92,47.99,47.11,47.2,47.2,0.0,0.0,0.0,0.0
2237,2015-10-22,47.53,48.95,47.09,48.03,48.03,-0.2144,0.132,0.762,0.106
2238,2015-10-23,52.3,54.07,52.25,52.87,52.87,0.886,0.0,0.855,0.145
2239,2015-10-26,52.53,54.32,52.5,54.25,54.25,0.0,0.0,0.0,0.0
2240,2015-10-27,53.99,54.37,53.58,53.69,53.69,0.2263,0.0,0.936,0.064
2241,2015-10-28,53.54,53.98,52.86,53.98,53.98,-0.4767,0.206,0.67,0.123
2242,2015-10-29,53.54,53.83,53.22,53.36,53.36,0.5267,0.073,0.818,0.109
2243,2015-10-30,53.32,53.99,52.62,52.64,52.64,0.0,0.0,0.0,0.0
2244,2015-11-02,52.85,53.36,52.62,53.24,53.24,-0.4939,0.093,0.868,0.039
2245,2015-11-03,52.93,54.39,52.9,54.15,54.15,0.4767,0.051,0.872,0.077
2246,2015-11-04,54.18,54.88,54.06,54.4,54.4,0.0,0.0,0.0,0.0
2247,2015-11-05,54.49,54.7,54.0,54.38,54.38,-0.5267,0.082,0.918,0.0
2248,2015-11-06,54.09,54.98,53.96,54.92,54.92,0.6369,0.0,0.86,0.14
2249,2015-11-09,54.55,54.87,53.56,54.16,54.16,0.0,0.0,0.0,0.0
2250,2015-11-10,54.07,54.13,53.27,53.51,53.51,0.0,0.0,0.0,0.0
2251,2015-11-11,53.7,54.2,53.46,53.65,53.65,0.0,0.0,0.0,0.0
2252,2015-11-12,53.48,53.98,53.19,53.32,53.32,0.4019,0.0,0.948,0.052
2253,2015-11-13,53.07,53.29,52.53,52.84,52.84,0.0,0.0,0.0,0.0
2254,2015-11-16,53.08,53.89,52.85,53.77,53.77,0.0,0.0,0.0,0.0
2255,2015-11-17,53.17,53.53,52.85,52.97,52.97,0.0,0.0,0.0,0.0
2256,2015-11-18,53.0,53.98,52.98,53.85,53.85,0.0,0.0,0.0,0.0
2257,2015-11-19,53.99,54.66,53.78,53.94,53.94,0.4404,0.0,0.868,0.132
2258,2015-11-20,54.25,54.3,53.27,54.19,54.19,0.5267,0.0,0.864,0.136
2259,2015-11-23,54.25,54.46,53.75,54.19,54.19,0.1531,0.117,0.772,0.111
2260,2015-11-24,53.92,54.44,53.58,54.25,54.25,0.0,0.0,0.0,0.0
2261,2015-11-25,54.09,54.23,53.69,53.69,53.69,0.5106,0.0,0.901,0.099
2262,2015-11-27,53.8,54.08,53.79,53.93,53.93,0.0,0.0,0.0,0.0
2263,2015-11-30,54.54,54.96,54.0,54.35,54.35,0.0,0.0,0.0,0.0
2264,2015-12-01,54.41,55.23,54.3,55.22,55.22,0.8151,0.0,0.911,0.089
2265,2015-12-02,55.32,55.96,55.06,55.21,55.21,0.2263,0.0,0.952,0.048
2266,2015-12-03,55.49,55.77,53.93,54.2,54.2,0.0,0.0,0.0,0.0
2267,2015-12-04,54.12,56.23,54.1,55.91,55.91,0.6705,0.0,0.864,0.136
2268,2015-12-07,55.79,55.97,55.29,55.81,55.81,0.0,0.0,0.0,0.0
2269,2015-12-08,55.47,56.1,54.99,55.79,55.79,0.0,0.0,0.0,0.0
2270,2015-12-09,55.37,55.87,54.51,54.98,54.98,-0.7717,0.142,0.821,0.036
2271,2015-12-10,55.39,55.66,55.01,55.27,55.27,0.7991,0.055,0.801,0.144
2272,2015-12-11,54.71,55.1,54.01,54.06,54.06,0.8539,0.025,0.805,0.17
2273,2015-12-14,54.33,55.21,53.68,55.14,55.14,0.0,0.0,0.0,0.0
2274,2015-12-15,55.66,55.9,55.09,55.2,55.2,0.0,0.0,1.0,0.0
2275,2015-12-16,55.54,56.25,54.76,56.13,56.13,0.296,0.025,0.929,0.046
2276,2015-12-17,56.36,56.79,55.53,55.7,55.7,0.0,0.0,0.0,0.0
2277,2015-12-18,55.77,56.0,54.03,54.13,54.13,0.0,0.0,0.0,0.0
2278,2015-12-21,54.88,55.35,54.23,54.83,54.83,-0.4588,0.056,0.944,0.0
2279,2015-12-22,54.99,55.48,54.5,55.35,55.35,-0.8689,0.233,0.737,0.03
2280,2015-12-23,55.7,55.88,55.44,55.82,55.82,0.0,0.0,0.0,0.0
2281,2015-12-24,55.86,55.96,55.43,55.67,55.67,0.0,0.0,1.0,0.0
2282,2015-12-28,55.35,55.95,54.98,55.95,55.95,0.0,0.0,0.0,0.0
2283,2015-12-29,56.29,56.85,56.06,56.55,56.55,0.0,0.0,0.0,0.0
2284,2015-12-30,56.47,56.78,56.29,56.31,56.31,0.0,0.0,0.0,0.0
2285,2015-12-31,56.04,56.19,55.42,55.48,55.48,0.25,0.0,0.946,0.054
2286,2016-01-04,54.32,54.8,53.39,54.8,54.8,0.0,0.0,0.0,0.0
2287,2016-01-05,54.93,55.39,54.54,55.05,55.05,0.8428,0.0,0.835,0.165
2288,2016-01-06,54.32,54.4,53.64,54.05,54.05,0.7297,0.07,0.701,0.229
2289,2016-01-07,52.7,53.49,52.07,52.17,52.17,0.0,0.0,0.0,0.0
2290,2016-01-08,52.37,53.28,52.15,52.33,52.33,0.0,0.0,0.0,0.0
2291,2016-01-11,52.51,52.85,51.46,52.3,52.3,-0.7469,0.111,0.85,0.039
2292,2016-01-12,52.76,53.1,52.06,52.78,52.78,0.0,0.0,0.0,0.0
2293,2016-01-13,53.8,54.07,51.3,51.64,51.64,0.8225,0.0,0.61,0.39
2294,2016-01-14,52.0,53.42,51.57,53.11,53.11,0.0,0.0,0.0,0.0
2295,2016-01-15,51.31,51.97,50.34,50.99,50.99,0.0,0.0,0.0,0.0
2296,2016-01-19,51.48,51.68,50.06,50.56,50.56,0.0,0.0,0.0,0.0
2297,2016-01-20,49.98,51.38,49.1,50.79,50.79,0.9814,0.0,0.762,0.238
2298,2016-01-21,51.0,51.58,50.3,50.48,50.48,0.0,0.0,0.0,0.0
2299,2016-01-22,51.41,52.33,51.26,52.29,52.29,0.0,0.0,0.0,0.0
2300,2016-01-25,51.94,52.65,51.65,51.79,51.79,0.5267,0.0,0.93,0.07
2301,2016-01-26,51.79,52.44,51.55,52.17,52.17,0.0,0.0,0.0,0.0
2302,2016-01-27,52.01,52.2,51.02,51.22,51.22,0.0,0.0,0.0,0.0
2303,2016-01-28,51.86,52.21,51.25,52.06,52.06,0.4939,0.028,0.899,0.074
2304,2016-01-29,54.73,55.09,54.0,55.09,55.09,0.0129,0.137,0.695,0.168
2305,2016-02-01,54.88,55.09,54.5,54.71,54.71,0.0,0.0,0.0,0.0
2306,2016-02-02,54.17,54.26,52.65,53.0,53.0,0.2263,0.1,0.79,0.11
2307,2016-02-03,53.25,53.39,51.26,52.16,52.16,0.9325,0.033,0.831,0.137
2308,2016-02-04,52.1,52.81,51.37,52.0,52.0,-0.3506,0.103,0.806,0.091
2309,2016-02-05,51.94,52.0,49.56,50.16,50.16,0.0,0.0,0.0,0.0
2310,2016-02-08,49.55,49.57,48.19,49.41,49.41,0.0,0.0,0.0,0.0
2311,2016-02-09,49.02,50.24,48.67,49.28,49.28,0.0,0.0,0.0,0.0
2312,2016-02-10,49.89,50.39,49.52,49.71,49.71,0.0,0.0,0.0,0.0
2313,2016-02-11,48.68,50.11,48.51,49.69,49.69,0.0,0.0,0.0,0.0
2314,2016-02-12,50.25,50.68,49.75,50.5,50.5,-0.6486,0.117,0.825,0.058
2315,2016-02-16,50.9,51.09,50.13,51.09,51.09,0.7227,0.0,0.822,0.178
2316,2016-02-17,51.49,52.77,51.45,52.42,52.42,0.0,0.0,0.0,0.0
2317,2016-02-18,52.33,52.95,52.1,52.19,52.19,0.6808,0.0,0.899,0.101
2318,2016-02-19,51.97,52.28,51.53,51.82,51.82,0.4767,0.0,0.944,0.056
2319,2016-02-22,52.28,53.0,52.28,52.65,52.65,0.0,0.0,0.0,0.0
2320,2016-02-23,52.34,52.37,50.98,51.18,51.18,0.0,0.0,0.0,0.0
2321,2016-02-24,50.69,51.5,50.2,51.36,51.36,0.7311,0.15,0.662,0.187
2322,2016-02-25,51.73,52.1,50.61,52.1,52.1,0.7876,0.1,0.723,0.178
2323,2016-02-26,52.6,52.68,51.1,51.3,51.3,0.0,0.0,0.0,0.0
2324,2016-02-29,51.35,51.65,50.66,50.88,50.88,0.7311,0.0,0.792,0.208
2325,2016-03-01,50.97,52.59,50.92,52.58,52.58,0.4939,0.0,0.906,0.094
2326,2016-03-02,52.41,52.96,52.16,52.95,52.95,0.0,0.0,0.0,0.0
2327,2016-03-03,52.97,52.97,51.78,52.35,52.35,0.5423,0.019,0.932,0.049
2328,2016-03-04,52.4,52.45,51.71,52.03,52.03,-0.5719,0.164,0.789,0.047
2329,2016-03-07,51.56,51.8,50.58,51.03,51.03,0.0,0.0,0.0,0.0
2330,2016-03-08,50.8,52.13,50.6,51.65,51.65,0.1386,0.1,0.789,0.112
2331,2016-03-09,51.89,52.85,51.86,52.84,52.84,0.5106,0.0,0.883,0.117
2332,2016-03-10,52.93,52.94,51.16,52.05,52.05,0.0,0.0,0.0,0.0
2333,2016-03-11,53.0,53.07,52.38,53.07,53.07,0.296,0.0,0.929,0.071
2334,2016-03-14,52.71,53.59,52.63,53.17,53.17,0.0,0.0,1.0,0.0
2335,2016-03-15,52.75,53.59,52.74,53.59,53.59,0.34,0.029,0.916,0.055
2336,2016-03-16,53.45,54.6,53.4,54.35,54.35,0.4019,0.077,0.801,0.122
2337,2016-03-17,54.21,55.0,54.0,54.66,54.66,0.0,0.0,0.0,0.0
2338,2016-03-18,54.92,54.97,53.45,53.49,53.49,0.0,0.0,0.0,0.0
2339,2016-03-21,53.25,53.93,52.93,53.86,53.86,0.0,0.0,0.0,0.0
2340,2016-03-22,53.61,54.25,53.46,54.07,54.07,-0.875,0.122,0.878,0.0
2341,2016-03-23,54.11,54.24,53.74,53.97,53.97,0.6597,0.056,0.828,0.116
2342,2016-03-24,53.84,54.33,53.73,54.21,54.21,0.0,0.0,0.0,0.0
2343,2016-03-28,54.21,54.29,53.33,53.54,53.54,0.9042,0.052,0.763,0.185
2344,2016-03-29,53.66,54.86,53.45,54.71,54.71,0.1027,0.095,0.802,0.103
2345,2016-03-30,54.93,55.64,54.9,55.05,55.05,-0.3818,0.087,0.874,0.039
2346,2016-03-31,54.95,55.59,54.86,55.23,55.23,0.0,0.0,0.0,0.0
2347,2016-04-01,55.05,55.61,54.57,55.57,55.57,0.0,0.0,0.0,0.0
2348,2016-04-04,55.43,55.66,55.0,55.43,55.43,0.2263,0.12,0.747,0.133
2349,2016-04-05,55.19,55.3,54.46,54.56,54.56,-0.4404,0.056,0.922,0.021
2350,2016-04-06,54.36,55.2,54.21,55.12,55.12,0.7184,0.0,0.743,0.257
2351,2016-04-07,54.87,54.91,54.23,54.46,54.46,0.0,0.0,0.0,0.0
2352,2016-04-08,54.67,55.28,54.32,54.42,54.42,0.0,0.0,1.0,0.0
2353,2016-04-11,54.49,55.15,54.3,54.31,54.31,-0.4391,0.099,0.808,0.093
2354,2016-04-12,54.37,54.78,53.76,54.65,54.65,0.0,0.0,0.0,0.0
2355,2016-04-13,55.12,55.44,54.89,55.35,55.35,0.5423,0.015,0.934,0.051
2356,2016-04-14,55.22,55.58,55.07,55.36,55.36,0.8783,0.024,0.84,0.136
2357,2016-04-15,55.3,55.92,55.11,55.65,55.65,0.0,0.0,0.0,0.0
2358,2016-04-18,55.49,56.59,55.21,56.46,56.46,0.4215,0.0,0.928,0.072
2359,2016-04-19,56.63,56.77,55.68,56.39,56.39,-0.296,0.084,0.868,0.048
2360,2016-04-20,56.29,56.5,55.49,55.59,55.59,0.0,0.0,0.0,0.0
2361,2016-04-21,55.8,56.23,55.42,55.78,55.78,0.9224,0.037,0.765,0.198
2362,2016-04-22,51.91,52.43,50.77,51.78,51.78,0.8173,0.0,0.91,0.09
2363,2016-04-25,51.78,52.13,51.63,52.11,52.11,0.4215,0.0,0.881,0.119
2364,2016-04-26,52.26,52.35,51.09,51.44,51.44,-0.4019,0.217,0.681,0.102
2365,2016-04-27,51.48,51.5,50.55,50.94,50.94,0.0772,0.068,0.855,0.077
2366,2016-04-28,50.62,50.77,49.56,49.9,49.9,0.0,0.0,0.0,0.0
2367,2016-04-29,49.35,50.25,49.35,49.87,49.87,0.5106,0.057,0.838,0.105
2368,2016-05-02,50.0,50.75,49.78,50.61,50.61,0.0,0.0,1.0,0.0
2369,2016-05-03,50.34,50.41,49.6,49.78,49.78,0.0,0.0,0.0,0.0
2370,2016-05-04,49.84,50.06,49.46,49.87,49.87,0.6124,0.0,0.857,0.143
2371,2016-05-05,49.87,50.3,49.73,49.94,49.94,0.0,0.0,0.0,0.0
2372,2016-05-06,49.92,50.39,49.66,50.39,50.39,0.0,0.0,0.0,0.0
2373,2016-05-09,50.49,50.59,50.0,50.07,50.07,0.7351,0.031,0.875,0.095
2374,2016-05-10,50.33,51.1,50.19,51.02,51.02,0.0,0.0,0.0,0.0
2375,2016-05-11,51.13,51.78,51.0,51.05,51.05,0.0,0.0,0.0,0.0
2376,2016-05-12,51.2,51.81,50.92,51.51,51.51,0.0,0.0,0.0,0.0
2377,2016-05-13,51.44,51.9,51.04,51.08,51.08,-0.296,0.061,0.939,0.0
2378,2016-05-16,50.8,51.96,50.75,51.83,51.83,0.0,0.0,0.0,0.0
2379,2016-05-17,51.72,51.73,50.36,50.51,50.51,0.0,0.0,0.0,0.0
2380,2016-05-18,50.48,51.14,50.3,50.81,50.81,0.2263,0.0,0.966,0.034
2381,2016-05-19,50.47,50.62,49.82,50.32,50.32,0.743,0.088,0.781,0.13
2382,2016-05-20,50.48,51.22,50.4,50.62,50.62,0.0,0.0,0.0,0.0
2383,2016-05-23,50.6,50.68,49.98,50.03,50.03,0.0,0.0,0.0,0.0
2384,2016-05-24,50.7,51.71,50.4,51.59,51.59,0.8225,0.051,0.801,0.148
2385,2016-05-25,51.92,52.49,51.79,52.12,52.12,0.6124,0.076,0.763,0.161
2386,2016-05-26,51.93,51.98,51.36,51.89,51.89,0.0,0.0,0.0,0.0
2387,2016-05-27,51.92,52.32,51.77,52.32,52.32,0.0,0.0,0.0,0.0
2388,2016-05-31,52.26,53.0,52.08,53.0,53.0,0.0,0.0,0.0,0.0
2389,2016-06-01,52.44,52.95,52.44,52.85,52.85,0.4019,0.0,0.92,0.08
2390,2016-06-02,52.64,52.74,51.84,52.48,52.48,-0.2585,0.081,0.857,0.062
2391,2016-06-03,52.38,52.42,51.6,51.79,51.79,0.25,0.052,0.864,0.083
2392,2016-06-06,51.99,52.35,51.89,52.13,52.13,0.0,0.0,0.0,0.0
2393,2016-06-07,52.24,52.73,52.1,52.1,52.1,0.0,0.0,0.0,0.0
2394,2016-06-08,52.02,52.44,51.87,52.04,52.04,0.0,0.0,1.0,0.0
2395,2016-06-09,52.0,52.0,51.49,51.62,51.62,0.0,0.0,0.0,0.0
2396,2016-06-10,51.05,52.05,51.04,51.48,51.48,0.0387,0.0,0.961,0.039
2397,2016-06-13,49.58,50.72,49.06,50.14,50.14,0.0,0.0,0.0,0.0
2398,2016-06-14,49.9,50.1,49.57,49.83,49.83,0.7876,0.064,0.844,0.092
2399,2016-06-15,49.78,50.12,49.69,49.69,49.69,0.631,0.0,0.868,0.132
2400,2016-06-16,49.52,50.47,49.51,50.39,50.39,-0.1779,0.033,0.946,0.02
2401,2016-06-17,50.41,50.43,49.82,50.13,50.13,0.0,0.0,0.0,0.0
2402,2016-06-20,50.64,50.83,50.03,50.07,50.07,0.0,0.0,1.0,0.0
2403,2016-06-21,50.2,51.43,50.16,51.19,51.19,0.9413,0.0,0.758,0.242
2404,2016-06-22,51.08,51.46,50.95,50.99,50.99,0.0,0.0,0.0,0.0
2405,2016-06-23,51.28,52.06,51.15,51.91,51.91,0.0,0.0,0.0,0.0
2406,2016-06-24,49.81,50.94,49.52,49.83,49.83,0.0,0.0,0.0,0.0
2407,2016-06-27,49.1,49.15,48.04,48.43,48.43,0.836,0.0,0.732,0.268
2408,2016-06-28,48.92,49.47,48.67,49.44,49.44,0.0,0.0,0.0,0.0
2409,2016-06-29,49.91,50.72,49.8,50.54,50.54,-0.2732,0.06,0.881,0.059
2410,2016-06-30,50.72,51.3,50.5,51.17,51.17,0.0,0.0,1.0,0.0
2411,2016-07-01,51.13,51.72,51.07,51.16,51.16,0.1027,0.068,0.852,0.08
2412,2016-07-05,50.83,51.28,50.74,51.17,51.17,0.0,0.0,0.0,0.0
2413,2016-07-06,50.78,51.54,50.39,51.38,51.38,0.0,0.0,0.0,0.0
2414,2016-07-07,51.42,51.61,51.07,51.38,51.38,0.0,0.0,0.0,0.0
2415,2016-07-08,51.73,52.36,51.55,52.3,52.3,0.0,0.0,0.0,0.0
2416,2016-07-11,52.5,52.83,52.47,52.59,52.59,0.0,0.0,0.0,0.0
2417,2016-07-12,52.94,53.4,52.79,53.21,53.21,-0.4404,0.259,0.575,0.166
2418,2016-07-13,53.56,53.86,53.18,53.51,53.51,0.0,0.0,0.0,0.0
2419,2016-07-14,53.84,53.99,53.58,53.74,53.74,0.3612,0.074,0.789,0.137
2420,2016-07-15,53.95,54.0,53.21,53.7,53.7,-0.296,0.119,0.793,0.088
2421,2016-07-18,53.7,54.34,53.55,53.96,53.96,0.8689,0.016,0.895,0.089
2422,2016-07-19,53.71,53.9,52.93,53.09,53.09,0.0,0.0,0.0,0.0
2423,2016-07-20,56.15,56.84,55.53,55.91,55.91,-0.1027,0.029,0.948,0.022
2424,2016-07-21,55.98,56.23,55.76,55.8,55.8,0.0,0.0,0.0,0.0
2425,2016-07-22,56.08,56.63,55.78,56.57,56.57,0.5574,0.078,0.729,0.193
2426,2016-07-25,56.47,56.74,56.26,56.73,56.73,0.6705,0.0,0.893,0.107
2427,2016-07-26,56.52,57.29,56.51,56.76,56.76,-0.1603,0.057,0.943,0.0
2428,2016-07-27,56.61,56.8,56.11,56.19,56.19,-0.6249,0.128,0.786,0.086
2429,2016-07-28,56.0,56.37,55.72,56.21,56.21,0.0,0.0,0.0,0.0
2430,2016-07-29,56.26,56.76,56.05,56.68,56.68,0.5994,0.033,0.872,0.095
2431,2016-08-01,56.6,56.75,56.14,56.58,56.58,0.666,0.0,0.895,0.105
2432,2016-08-02,56.85,56.9,56.31,56.58,56.58,0.4767,0.0,0.925,0.075
2433,2016-08-03,56.68,57.11,56.49,56.97,56.97,0.0,0.0,0.0,0.0
2434,2016-08-04,56.8,57.52,56.67,57.39,57.39,0.9489,0.073,0.765,0.163
2435,2016-08-05,57.65,58.21,57.45,57.96,57.96,0.0,0.0,0.0,0.0
2436,2016-08-08,58.06,58.09,57.78,58.06,58.06,0.7733,0.077,0.786,0.137
2437,2016-08-09,58.17,58.5,58.02,58.2,58.2,0.0,0.044,0.912,0.044
2438,2016-08-10,58.16,58.32,57.82,58.02,58.02,0.0,0.0,0.0,0.0
2439,2016-08-11,58.03,58.45,58.03,58.3,58.3,0.2516,0.045,0.879,0.076
2440,2016-08-12,58.03,58.19,57.62,57.94,57.94,0.6486,0.0,0.845,0.155
2441,2016-08-15,58.01,58.5,57.96,58.12,58.12,0.0,0.0,0.0,0.0
2442,2016-08-16,57.61,57.62,57.27,57.44,57.44,0.5635,0.069,0.82,0.112
2443,2016-08-17,57.54,57.68,57.23,57.56,57.56,-0.9477,0.108,0.892,0.0
2444,2016-08-18,57.42,57.7,57.27,57.6,57.6,0.0,0.0,0.0,0.0
2445,2016-08-19,57.43,57.73,57.2,57.62,57.62,0.0,0.0,1.0,0.0
2446,2016-08-22,57.6,57.75,57.26,57.67,57.67,0.0,0.0,0.0,0.0
2447,2016-08-23,57.9,58.18,57.85,57.89,57.89,0.0,0.0,1.0,0.0
2448,2016-08-24,57.8,58.04,57.72,57.95,57.95,0.2732,0.055,0.836,0.11
2449,2016-08-25,57.88,58.29,57.78,58.17,58.17,0.0,0.0,0.0,0.0
2450,2016-08-26,58.28,58.7,57.69,58.03,58.03,0.0,0.0,1.0,0.0
2451,2016-08-29,58.18,58.6,58.1,58.1,58.1,0.0,0.0,0.0,0.0
2452,2016-08-30,57.98,58.19,57.61,57.89,57.89,0.8442,0.027,0.864,0.109
2453,2016-08-31,57.65,57.8,57.3,57.46,57.46,0.0,0.0,0.0,0.0
2454,2016-09-01,57.01,57.82,57.01,57.59,57.59,0.0,0.0,0.0,0.0
2455,2016-09-02,57.67,58.19,57.42,57.67,57.67,0.9499,0.0,0.651,0.349
2456,2016-09-06,57.78,57.8,57.21,57.61,57.61,-0.7906,0.157,0.802,0.041
2457,2016-09-07,57.47,57.84,57.41,57.66,57.66,0.0,0.0,0.0,0.0
2458,2016-09-08,57.63,57.79,57.18,57.43,57.43,0.9753,0.045,0.829,0.126
2459,2016-09-09,56.79,57.52,56.21,56.21,56.21,-0.3612,0.048,0.894,0.058
2460,2016-09-12,56.0,57.21,55.61,57.05,57.05,0.0,0.0,0.0,0.0
2461,2016-09-13,56.5,56.65,56.05,56.53,56.53,0.6083,0.03,0.897,0.073
2462,2016-09-14,56.39,56.63,56.03,56.26,56.26,0.9886,0.036,0.836,0.128
2463,2016-09-15,56.15,57.35,55.98,57.19,57.19,0.9744,0.058,0.737,0.205
2464,2016-09-16,57.63,57.63,56.75,57.25,57.25,0.0,0.0,0.0,0.0
2465,2016-09-19,57.27,57.75,56.85,56.93,56.93,0.9835,0.037,0.784,0.179
2466,2016-09-20,57.35,57.35,56.75,56.81,56.81,0.0,0.0,0.0,0.0
2467,2016-09-21,57.51,57.85,57.08,57.76,57.76,0.9337,0.058,0.766,0.176
2468,2016-09-22,57.92,58.0,57.63,57.82,57.82,0.9812,0.02,0.805,0.175
2469,2016-09-23,57.87,57.91,57.38,57.43,57.43,-0.7264,0.128,0.834,0.037
2470,2016-09-26,57.08,57.14,56.83,56.9,56.9,0.0,0.0,0.0,0.0
2471,2016-09-27,56.93,58.06,56.68,57.95,57.95,0.9771,0.0,0.853,0.147
2472,2016-09-28,57.88,58.06,57.67,58.03,58.03,0.0,0.0,0.0,0.0
2473,2016-09-29,57.81,58.17,57.21,57.4,57.4,0.9854,0.041,0.807,0.152
2474,2016-09-30,57.57,57.77,57.34,57.6,57.6,0.0,0.0,0.0,0.0
2475,2016-10-03,57.41,57.55,57.06,57.42,57.42,0.0,0.0,0.0,0.0
2476,2016-10-04,57.27,57.6,56.97,57.24,57.24,0.9062,0.008,0.914,0.078
2477,2016-10-05,57.29,57.96,57.26,57.64,57.64,0.9583,0.05,0.849,0.101
2478,2016-10-06,57.74,57.86,57.28,57.74,57.74,0.0,0.0,0.0,0.0
2479,2016-10-07,57.85,57.98,57.42,57.8,57.8,0.0,0.0,0.0,0.0
2480,2016-10-10,57.91,58.39,57.87,58.04,58.04,0.0772,0.066,0.878,0.056
2481,2016-10-11,57.89,58.02,56.89,57.19,57.19,0.0,0.0,0.0,0.0
2482,2016-10-12,57.11,57.27,56.4,57.11,57.11,0.2144,0.053,0.895,0.052
2483,2016-10-13,56.7,57.3,56.32,56.92,56.92,0.0,0.0,1.0,0.0
2484,2016-10-14,57.12,57.74,57.12,57.42,57.42,0.0,0.0,0.0,0.0
2485,2016-10-17,57.36,57.46,56.87,57.22,57.22,0.8807,0.036,0.804,0.161
2486,2016-10-18,57.53,57.95,57.41,57.66,57.66,-0.0387,0.07,0.878,0.053
2487,2016-10-19,57.47,57.84,57.4,57.53,57.53,0.0,0.0,0.0,0.0
2488,2016-10-20,57.5,57.52,56.66,57.25,57.25,0.5499,0.033,0.874,0.093
2489,2016-10-21,60.28,60.45,59.49,59.66,59.66,0.7778,0.063,0.836,0.101
2490,2016-10-24,59.94,61.0,59.93,61.0,61.0,0.7517,0.029,0.821,0.149
2491,2016-10-25,60.85,61.37,60.8,60.99,60.99,0.0,0.0,0.0,0.0
2492,2016-10-26,60.81,61.2,60.47,60.63,60.63,0.9229,0.0,0.879,0.121
2493,2016-10-27,60.61,60.83,60.09,60.1,60.1,-0.0516,0.015,0.971,0.014
2494,2016-10-28,60.01,60.52,59.58,59.87,59.87,0.0,0.0,0.0,0.0
2495,2016-10-31,60.16,60.42,59.92,59.92,59.92,0.0,0.0,0.0,0.0
2496,2016-11-01,59.97,60.02,59.25,59.8,59.8,0.6597,0.027,0.904,0.069
2497,2016-11-02,59.82,59.93,59.3,59.43,59.43,0.0,0.0,0.0,0.0
2498,2016-11-03,59.53,59.64,59.11,59.21,59.21,0.7026,0.083,0.745,0.172
2499,2016-11-04,58.65,59.28,58.52,58.71,58.71,0.8658,0.021,0.846,0.133
2500,2016-11-07,59.78,60.52,59.78,60.42,60.42,0.836,0.075,0.793,0.131
2501,2016-11-08,60.55,60.78,60.15,60.47,60.47,0.0,0.0,0.0,0.0
2502,2016-11-09,60.0,60.59,59.2,60.17,60.17,-0.3612,0.053,0.923,0.024
2503,2016-11-10,60.48,60.49,57.63,58.7,58.7,-0.8102,0.106,0.837,0.057
2504,2016-11-11,58.23,59.12,58.01,59.02,59.02,0.0,0.0,0.0,0.0
2505,2016-11-14,59.02,59.08,57.28,58.12,58.12,0.7351,0.061,0.757,0.181
2506,2016-11-15,58.33,59.49,58.32,58.87,58.87,0.128,0.133,0.681,0.186
2507,2016-11-16,58.94,59.66,58.81,59.65,59.65,0.0,0.0,0.0,0.0
2508,2016-11-17,60.41,60.95,59.97,60.64,60.64,0.0,0.0,0.0,0.0
2509,2016-11-18,60.78,61.14,60.3,60.35,60.35,-0.4215,0.113,0.887,0.0
2510,2016-11-21,60.5,60.97,60.42,60.86,60.86,0.0,0.0,0.0,0.0
2511,2016-11-22,60.98,61.26,60.81,61.12,61.12,0.0,0.0,1.0,0.0
2512,2016-11-23,61.01,61.1,60.25,60.4,60.4,0.8478,0.0,0.842,0.158
2513,2016-11-25,60.3,60.53,60.13,60.53,60.53,0.0,0.0,0.0,0.0
2514,2016-11-28,60.34,61.02,60.21,60.61,60.61,0.0,0.0,0.0,0.0
2515,2016-11-29,60.65,61.41,60.52,61.09,61.09,0.0,0.0,0.0,0.0
2516,2016-11-30,60.86,61.18,60.22,60.26,60.26,0.0,0.0,0.0,0.0
